class_token,pixel_count,pixel_pct,image_count,image_pct
"rgb:255,255,255",37619982,27.792539893617022,819,96.80851063829788
"rgb:0,0,255",35561367,26.271695478723405,817,96.57210401891253
"rgb:0,255,0",31493168,23.266229314420805,812,95.98108747044917
"rgb:0,255,255",27902176,20.613309692671393,810,95.74468085106383
"rgb:255,255,0",1704854,1.259496158392435,540,63.829787234042556
"rgb:255,0,0",1078453,0.7967294621749409,61,7.210401891252955
